/tmp/tmp0zrtqgjn/27.json,Tell me the count of comments that have received more downvotes than upvotes for the user who made the latest post on the Showerthoughts forum.,,24 s,N/A,FAIL,8/7 21:23
config_files/97.json,Tell me the distance to drive from Carnegie Mellon University to the top computer science school in massachusetts,,40 s,"The distance to drive from Carnegie Mellon University to the top computer science school in Massachusetts, Massachusetts Institute of Technology, is 914 km. Time: 11:28.",FAIL,8/7 21:23
config_files/7.json,Tell me the full address of all international airports that are within a driving distance of 50 km to Carnegie Mellon University,,198 s,Early stop: Reach max steps 30,FAIL,8/7 21:26
/tmp/tmpn0q20gvo/44.json,Check out my todos,,215 s,Early stop: Reach max steps 30,PASS,8/7 21:26
/tmp/tmpmenroayl/0.json,What is the top-1 best-selling product in 2022,,364 s,Early stop: Reach max steps 30,FAIL,8/7 21:29
/tmp/tmpr3iiswcp/0.json,What is the top-1 best-selling product in 2022,,3 s,The top-1 best-selling product in 2022 is the 'Quest Lumaflex™ Band' with a price of $19.00 and a quantity sold of 6.,PASS,8/7 21:31
config_files/97.json,Tell me the distance to drive from Carnegie Mellon University to the top computer science school in massachusetts,,23 s,"The distance to drive from Carnegie Mellon University to the top computer science school in Massachusetts, which is the Massachusetts Institute of Technology, is 914 km.",FAIL,8/7 21:31
config_files/7.json,Tell me the full address of all international airports that are within a driving distance of 50 km to Carnegie Mellon University,,52 s,N/A,FAIL,8/7 21:32
/tmp/tmpuwt10ue0/27.json,Tell me the count of comments that have received more downvotes than upvotes for the user who made the latest post on the Showerthoughts forum.,N/A,82 s,1,FAIL,8/7 21:32
/tmp/tmp79_2zgt6/44.json,Check out my todos,,185 s,Early stop: Reach max steps 30,FAIL,8/7 21:34
/tmp/tmp3symr2ys/1.json,What is the top-1 best-selling brand in Quarter 1 2022,,3 s,Sprite Stasis Ball 65 cm,PASS,8/7 21:34
/tmp/tmpy25q7l68/28.json,Tell me the count of comments that have received more downvotes than upvotes for the user who made the latest post on the Worcester forum.,,37 s,1,FAIL,8/7 21:35
config_files/265.json,What's the closest national park to Boston? How far is it to drive there?,,47 s,"The closest national park to Boston is located in Concord, Middlesex County, Massachusetts. The distance to drive there is 31km with an estimated time of 33 minutes.",FAIL,8/7 21:35
config_files/8.json,Tell me the full address of all international airports that are within a driving distance of 5 km to Carnegie Mellon University,,57 s,N/A,PASS,8/7 21:35
/tmp/tmpy6y3bjeo/2.json,What is the top-1 best-selling product type in Quarter 1 2022,,3 s,The top-1 best-selling product type in Quarter 1 2022 is Sprite Stasis Ball 65 cm with a total quantity sold of 6.,FAIL,8/7 21:35
config_files/266.json,What's the closest national park to the largest city in Maine?,,15 s,"Acadia National Park located in Bar Harbor, Maine",PASS,8/7 21:35
/tmp/tmp2uwfxi3d/29.json,Tell me the count of comments that have received more downvotes than upvotes for the user who made the latest post on the DIY forum.,,24 s,4,FAIL,8/7 21:36
config_files/9.json,Tell me the full address of all international airports that are within a driving distance of 30 km to Carnegie Art Museum,,43 s,"The full address of the Pittsburgh International Airport, which is within a driving distance of 30 km to Carnegie Art Museum, is Southern Beltway, Findlay Township, Allegheny County, 15231, United States.",FAIL,8/7 21:36
config_files/267.json,What's the closest national park to the hometown of Stephen King? How long it takes to drive there?,,7 s,"The closest national park to the hometown of Stephen King is Acadia National Park in Maine. It would take approximately 3 hours and 45 minutes to drive there from Bangor, Maine, which is Stephen King's hometown.",FAIL,8/7 21:36
/tmp/tmp24smpjk4/3.json,What are the top-2 best-selling product in 2022,,10 s,The top-2 best-selling products in 2022 are Sprite Stasis Ball 65 cm with a price of $27.00.,FAIL,8/7 21:36
config_files/10.json,Tell me the full address of all US international airports that are within a driving distance of 60 km to Niagara Falls,,21 s,N/A,FAIL,8/7 21:37
config_files/268.json,"What's the closest national park to Vinalhaven, ME? How long does it take to bike there?",,23 s,"The closest national park to Vinalhaven, ME is Acadia National Park, located approximately 70 miles away. It would take about 5-6 hours to bike there, depending on the route and individual biking speed.",FAIL,8/7 21:38
/tmp/tmp0qr4p7ae/31.json,Tell me the count of comments that have received more downvotes than upvotes for the user who made the latest post on the photoshopbattles forum.,,20 s,N/A,FAIL,8/7 21:38
/tmp/tmpn5gg39mh/4.json,What are the top-3 best-selling product in Jan 2023,,26 s,The top-3 best-selling product in Jan 2023 is the 'Quest Lumaflex™ Band' with a price of $19.00 and a quantity sold of 6.,FAIL,8/7 21:38
/tmp/tmpdb8gtrls/103.json,Display the list of issues in the kkroening/ffmpeg-python repository that have labels related to questions,,37 s,"byteblaze/empathy-prompts#6, byteblaze/empathy-prompts#8, byteblaze/a11y-syntax-highlighting#1, byteblaze/empathy-prompts#18",FAIL,8/7 21:38
config_files/16.json,"Compare the time for walking and driving route from 5000 Fifth Avenue, Pittsburgh to UPMC family health center",,180 s,Early stop: Reach max steps 30,FAIL,8/7 21:40
/tmp/tmp6bcdyeik/5.json,What is the top-1 best-selling product type in Jan 2023,,5 s,The top-1 best-selling product type in Jan 2023 is the 'Quest Lumaflex™ Band' with a price of $19.00 and a quantity sold of 6.,FAIL,8/7 21:41
/tmp/tmpzjez2u76/66.json,"Among the top 10 post in ""books"" forum, show me the post URLs that recommand a single book",N/A,126 s,"Among the top 10 posts in the 'books' forum, there are no recommendations for a single book. Therefore, no post URLs can be provided.",FAIL,8/7 21:43
config_files/17.json,Compare the time for walking and driving route from AMC Waterfront to Carnegie Mellon University,,194 s,Early stop: Reach max steps 30,FAIL,8/7 21:44
config_files/424.json,Find the page of the place where Mr. Rogers was filmed on the map.,,245 s,Early stop: Reach max steps 30,FAIL,8/7 21:45
/tmp/tmpo37z6ar0/67.json,"Among the top 10 post in ""books"" forum, show me the book names from posts that recommand a single book",,3 s,"To Kill a Mockingbird, 1984",FAIL,8/7 21:45
/tmp/tmp9ke8tvys/6.json,What are the top-5 best-selling product in 2023,,32 s,The top-5 best-selling product in 2023 is Quest Lumaflex™ Band priced at $19.00 with a quantity of 6.,FAIL,8/7 21:46
config_files/425.json,Find the page of the longest bridge in the Western hemisphere on the map.,,173 s,Early stop: Reach max steps 30,FAIL,8/7 21:48
config_files/18.json,Compare the time for walking and driving route from AMC Waterfront to Univ of Pittsburgh,,233 s,Early stop: Reach max steps 30,FAIL,8/7 21:49
/tmp/tmpl75omixx/105.json,Display the list of issues in the OpenAPITools/openapi-generator repository that have labels related to OpenAPI Generator CLI,type [search_input][OpenAPI Generator CLI][1],315 s,Early stop: Reach max steps 30,FAIL,8/7 21:50
/tmp/tmpd0rasf1f/11.json,"Tell me the the number of reviews that our store received by far that mention term ""disappointed""",,10 s,2,FAIL,8/7 21:51
/tmp/tmp_0uyltfp/68.json,"Among the top 10 post in ""books"" forum, show me the author name and the book name from posts that recommand a single book",,40 s,"Author: George Orwell, Book: 1984 Author: J.D. Salinger, Book: The Catcher in the Rye",FAIL,8/7 21:51
config_files/426.json,Find the page of the place in Pennsylvania where a plane crashed during the September 11th attacks on the map.,,110 s,Early stop: Same typing action for 5 times,PASS,8/7 21:52
/tmp/tmplgq7_6_g/106.json,Display the list of issues in the umano/AndroidSlidingUpPanel repository that have labels related to BUG,,109 s,The task cannot be completed as the action to read the list of issues is not supported by the available actions.,FAIL,8/7 21:53
config_files/19.json,Compare the time for walking and driving route from Carnegie Science Center to Carnegie Mellon University,,186 s,Early stop: Reach max steps 30,FAIL,8/7 21:54
/tmp/tmpc_h3anm3/132.json,How many commits did kilian make to a11yproject on 3/5/2023?,,2 s,50,FAIL,8/7 21:54
/tmp/tmpb1ljvmpn/12.json,"Tell me the the number of reviews that our store received by far that mention term ""satisfied""",,27 s,N/A,FAIL,8/7 21:55
/tmp/tmpwt8wuyir/69.json,"Among the top 10 post in ""books"" forum, is there any post talks about supporting local book stores? If so, tell me the organizations involved",,33 s,"Yes, there is a post that talks about supporting local bookstores: 'Friendly reminder bookshop.org exists.' The organization involved is bookshop.org.",PASS,8/7 21:55
config_files/427.json,Find the page of the university that has most Turning Award winners on the map.,,72 s,N/A,FAIL,8/7 21:55
config_files/20.json,Compare the difference in time for walking and driving route from Randyland to Carnegie Mellon University,,212 s,Early stop: Reach max steps 30,FAIL,8/7 21:58
/tmp/tmp4tcn3sf1/133.json,How many commits did Eric make to a11yproject on 3/2?,,2 s,21,FAIL,8/7 21:58
config_files/32.json,"I will arrive Pittsburgh Airport soon. Provide the name of a Hilton hotel in the vicinity, if available. Then, tell me the the walking distance to the nearest supermarket own by a local company from the hotel.",,14 s,The Hilton hotel in the vicinity of Pittsburgh Airport is the Hilton Garden Inn Pittsburgh Airport. The walking distance to the nearest supermarket owned by a local company from the hotel is approximately 0.5 miles.,FAIL,8/7 21:58
/tmp/tmplnblm5fg/13.json,"Tell me the the number of reviews that our store received by far that mention term ""decent""",,37 s,"Based on the search results, there are 3-4 reviews found that mention the term 'decent'.",FAIL,8/7 21:59
config_files/428.json,Find the page of the undergrad college of the person who developed the Nash equilibrium on the map.,,183 s,Early stop: Reach max steps 30,FAIL,8/7 22:1
/tmp/tmp24mgh6w5/399.json,"Change my reddit bio to ""I am a robot""",,185 s,Early stop: Reach max steps 30,PASS,8/7 22:1
/tmp/tmp4fzzga9a/14.json,"Tell me the the number of reviews that our store received by far that mention term ""not useful""",,3 s,The store has received 3 reviews that mention the term 'not useful',FAIL,8/7 22:2
/tmp/tmpvidbgm77/134.json,How many commits did kilian make to a11yproject on 3/1/2023?,,3 s,"On 3/1/2023, Kilian made a total of 71 commits to the 'The A11Y Project / a11yproject.com' project.",FAIL,8/7 22:2
config_files/33.json,"I will arrive Pittsburgh Airport soon. Provide the name of a Hilton hotel in the vicinity, if available. Then, tell me the the shortest walking distance to a supermarket from the hotel.",,23 s,N/A,FAIL,8/7 22:2
config_files/429.json,Find the page of the colleges where The Chair was filmed in Pittsburgh on the map.,,91 s,No results found,FAIL,8/7 22:3
/tmp/tmpz21h81tc/400.json,"Change my reddit bio to ""Pro Python Developer with 20 years of Experience""",,224 s,Early stop: Reach max steps 30,FAIL,8/7 22:5
/tmp/tmpio_jyboz/135.json,How many commits did Eric and Kilian make to a11yproject on 1/3/2023?,,2 s,Eric and Kilian made 4 commits to a11yproject on 1/3/2023,FAIL,8/7 22:6
/tmp/tmp7_drrup6/15.json,"Tell me the the number of reviews that our store received by far that mention term ""best""",,11 s,The number of reviews that our store received by far that mention the term 'best' is 6,FAIL,8/7 22:6
config_files/34.json,"I will arrive Pittsburgh Airport soon. Provide the name of a Hyatt hotel in the vicinity, if available. Then, tell me the the shortest walking time to a supermarket from the hotel.",,37 s,This task cannot be completed on the current webpage as it requires external information not available on the OpenStreetMap help page.,FAIL,8/7 22:6
config_files/430.json,Find the page of the college(s) where The Chair was filmed in Pennsylvania other than the ones in Pittsburgh on the map.,,167 s,Early stop: Same typing action for 5 times,FAIL,8/7 22:8
/tmp/tmpvwpdykt8/401.json,"Change my reddit bio to ""Seeking SDE positions""",,192 s,Early stop: Reach max steps 30,PASS,8/7 22:9
/tmp/tmpfpdwzufl/136.json,How many commits did Steven Woodson make to a11y-webring.club on 2/6/2023?,,2 s,2,FAIL,8/7 22:9
/tmp/tmpn6xw5c46/41.json,List the top 1 search terms in my store,,9 s,Revenue,FAIL,8/7 22:9
config_files/35.json,"I will arrive Pittsburgh Airport soon. Provide the name of a Hyatt hotel in the vicinity, if available. Then, tell me the the minimal driving time to a supermarket from the hotel.",,28 s,N/A,FAIL,8/7 22:10
/tmp/tmp5ecc129r/402.json,"Change my reddit bio to ""Freelance Web Developer""",,188 s,Early stop: Reach max steps 30,PASS,8/7 22:12
/tmp/tmp2ve8m8he/156.json,Checkout merge requests assigned to me,,2 s,N/A,FAIL,8/7 22:13
/tmp/tmpvoe2qd6c/42.json,List the top 2 search terms in my store,,2 s,The top 2 search terms in your store are 'Quest Lumaflex™ Band' and 'Sarah Miller',FAIL,8/7 22:13
config_files/36.json,Check if the social security administration in pittsburgh can be reached in one hour by car from Carnegie Mellon University,,23 s,"The social security administration in Pittsburgh can be reached in 8 minutes by car from Carnegie Mellon University, as indicated by the text 'Distance: 6.0km. Time: 0:08' found in the directions section (ID: 625).",FAIL,8/7 22:13
/tmp/tmpealclvxn/557.json,Create a repo named nolan_old_fans with movies directed by Christopher Nolan before 2010 in a README file,,153 s,N/A,FAIL,8/7 22:16
/tmp/tmpvozx95of/403.json,"Change my reddit bio to ""Awesome Prompt Artist""",,209 s,Early stop: Reach max steps 30,PASS,8/7 22:17
/tmp/tmplj0kjiis/43.json,List the top 3 search terms in my store,,2 s,"Revenue, Tax, Shipping",FAIL,8/7 22:17
/tmp/tmpmk6v51nw/168.json,Tell me the full names of the repositories where I made contributions and they got more than 100 stars?,,4 s,"The A11Y Project / a11yproject.com, Byte Blaze / accessible-html-content-patterns, Primer / design",FAIL,8/7 22:17
config_files/37.json,Check if the police station in pittsburgh can be reached in one hour by car from gates building at CMU,,56 s,N/A,FAIL,8/7 22:18
/tmp/tmpb68sb327/558.json,Create a repo named nolan_young_fans with movies directed by Christopher Nolan after 2010 in a README file,,63 s,ERROR: too many values to unpack (expected 2),FAIL,8/7 22:18
/tmp/tmpqfo7waan/404.json,Upvote the newest post in books subreddit,,94 s,The upvote has been successfully registered,FAIL,8/7 22:19
/tmp/tmp0z4rb9sq/169.json,Tell me the full names of the repositories where I made contributions and they got the most stars?,,10 s,"Byte Blaze / a11y-syntax-highlighting, Byte Blaze / a11y-webring.club, Primer / design",FAIL,8/7 22:19
/tmp/tmpsa12skgg/62.json,Which customer has completed the most number of orders in the entire history?,,10 s,Grace Nguyen,FAIL,8/7 22:19
config_files/38.json,Check if the duquesne university in pittsburgh can be reached in one hour by car from pittsburgh airport,,23 s,"Yes, Duquesne University in Pittsburgh can be reached in one hour by car from Pittsburgh Airport.",PASS,8/7 22:19
/tmp/tmpvfsngyxd/405.json,Upvote the newest post in DIY subreddit,N/A,202 s,N/A,FAIL,8/7 22:22
/tmp/tmps8z1kjzw/559.json,Create a repo named nolan_followers with career timeline of Christopher Nolan in a README file,,240 s,Early stop: Reach max steps 30,FAIL,8/7 22:23
/tmp/tmpl9r6nhbf/63.json,Which customer(s) has completed the second most number of orders in the entire history?,,2 s,Sarah Miller,FAIL,8/7 22:23
/tmp/tmprrfv_58f/170.json,Tell me the full names of the repositories where I made contributions and they got the least stars?,,15 s,"Primer / design, Byte Blaze / cloud-to-butt, Byte Blaze / dotfiles",FAIL,8/7 22:23
config_files/39.json,Check if the walmart in pittsburgh can be reached in one hour by car from 5600 fifth avenue,,22 s,The Walmart in Pittsburgh can be reached in 13 minutes by car from 5600 Fifth Avenue.,FAIL,8/7 22:24
/tmp/tmpke0or0wu/406.json,Upvote the newest post in future technology subreddit,,13 s,Task completed: Post has been upvoted.,FAIL,8/7 22:24
/tmp/tmpnibjje1d/560.json,Create a repo named nolan_academy_awards with movies that won Academy Awards by Christopher Nolan in a README file,,187 s,Early stop: Same typing action for 5 times,FAIL,8/7 22:26
/tmp/tmp_3a9kzdm/64.json,Which customer has placed 2 orders in the entire history?,,2 s,Sarah Miller,FAIL,8/7 22:27
/tmp/tmpzsj0bcq_/171.json,Tell me the full names of the repositories where I made contributions and they got less than 5 stars?,,4 s,"The repositories where contributions were made and they have less than 5 stars are: 'Byte Blaze / a11y-syntax-highlighting', 'The A11Y Project / a11yproject.com', 'Byte Blaze / accessible-html-content-patterns', 'Byte Blaze / cloud-to-butt', 'Primer / design', 'Byte Blaze / dotfiles'",FAIL,8/7 22:27
/tmp/tmpe2keywef/407.json,Upvote the newest post in deeplearning subreddit,,150 s,N/A,FAIL,8/7 22:29
config_files/40.json,Check if the amc theatre in pittsburgh can be reached in one hour by car from hobart street,,187 s,Early stop: Reach max steps 30,FAIL,8/7 22:30
/tmp/tmpwiqrnp7z/172.json,Tell me the full names of the repositories where I made contributions and they got no stars?,,3 s,"The full names of the repositories where you made contributions and they got no stars are: Byte Blaze / a11y-syntax-highlighting, Byte Blaze / a11y-webring.club, Byte Blaze / dotfiles",FAIL,8/7 22:30
/tmp/tmp9m_zd5li/408.json,Upvote the newest post in explain like im 5 subreddit,,22 s,Task Complete,FAIL,8/7 22:30
config_files/52.json,How long does it take to walk from Carnegie Mellon University to starbucks on Craig Street?,observe,131 s,The walking time from Carnegie Mellon University to Starbucks on Craig Street is 10 minutes.,FAIL,8/7 22:32
config_files/737.json,Show me the way from Carnegie Mellon University to the home stadium of Philadelphia 76ers ,,179 s,Early stop: Reach max steps 30,FAIL,8/7 22:33
/tmp/tmpa2m_mv1m/65.json,Which customer has completed the fifth most number of orders in the entire history?,,234 s,Matt Baker,FAIL,8/7 22:34
config_files/53.json,How long does it take to walk from Univ of Pittsburgh to starbucks on Craig Street?,,27 s,N/A,FAIL,8/7 22:35
/tmp/tmphtkh881b/77.json,What is the total count of Pending reviews amongst all the reviews?,,133 s,1,FAIL,8/7 22:37
config_files/738.json,Show me the way from Carnegie Mellon University to the home stadium of Philadelphia 76ers in the 70th,,178 s,The task is complete. The directions should be displayed.,FAIL,8/7 22:37
/tmp/tmpdlb1dj1b/409.json,"Reply to the manager of the website in this post with ""thanks! I am a big fan of your website.""",,219 s,Early stop: Reach max steps 30,FAIL,8/7 22:39
/tmp/tmp72vqj5hn/78.json,What is the total count of Approved reviews amongst all the reviews?,,9 s,5,FAIL,8/7 22:40
config_files/54.json,How long does it take to walk from Carnegie Mellon University to Univ of Pittsburgh?,,28 s,The task is already completed,FAIL,8/7 22:40
config_files/739.json,Show me the way from Carnegie Mellon University to the home stadium of Yankees in the 80th,,54 s,"The directions from Carnegie Mellon University to Yankee Stadium have already been displayed, showing a distance of 637km and an estimated travel time of 7 hours and 25 minutes.",PASS,8/7 22:40
/tmp/tmp8fvhhm7r/174.json,"Open my latest updated issue that has keyword ""feature"" in its title to check if it is closed",,155 s,N/A,FAIL,8/7 22:42
/tmp/tmphhmhaqkw/410.json,"Reply to the first reply in this post with ""don't panic""",,165 s,don't panic,FAIL,8/7 22:44
/tmp/tmpbr61nmuh/175.json,"Open my latest updated issue that has keyword ""dependency"" in its title to check if it is closed",,3 s,N/A,FAIL,8/7 22:44
/tmp/tmp3zvjcmhm/79.json,What is the total count of Not Approved reviews amongst all the reviews?,,2 s,1,FAIL,8/7 22:44
config_files/55.json,How long does it take to walk from the starbuck near CMU to Chatham university?,,28 s,N/A,FAIL,8/7 22:44
config_files/740.json,Show me the way from Carnegie Mellon University to the home stadium of NYC NBA team ,,38 s,The distance from Carnegie Mellon University to Madison Square Garden (the home stadium of the NYC NBA team) is 626km with an estimated travel time of 7 hours and 23 minutes.,PASS,8/7 22:45
/tmp/tmp4x1dulxy/552.json,"Create a folder named real_space in gimmiethat.space repo. Within it, create a file named urls.txt that contains the URLs of the 5 most recent posts from the space?",,266 s,Early stop: Reach max steps 30,FAIL,8/7 22:49
config_files/56.json,How long does it take to walk from Carnegie Museum of Art to a library at CMU?,,68 s,N/A,FAIL,8/7 22:50
/tmp/tmpdeqs3nx1/95.json,Telll me the grand total of invoice 000000002.,,2 s,The grand total of invoice 000000002 is $194.40,FAIL,8/7 22:51
config_files/57.json,Tell me the closest restaurant(s) to university center at Carnegie Mellon University,,35 s,No results found for the closest restaurant(s) to university center at Carnegie Mellon University,FAIL,8/7 22:51
config_files/58.json,Tell me the closest cafe(s) to CMU Hunt library,,37 s,No cafes found near CMU Hunt library,FAIL,8/7 22:56
/tmp/tmpwlowxxuw/178.json,Open my latest created issue that has better in its title to check if it is closed,,196 s,Early stop: Reach max steps 30,FAIL,8/7 22:58
/tmp/tmp3nxoqpql/555.json,"Create a folder named funny_pic in gimmiethat.space repo. Within it, create a file named urls.txt that contains the URLs of the 5 most recent posts from the memes?",,197 s,ERROR: too many values to unpack (expected 2),FAIL,8/7 22:58
/tmp/tmpkjcr892t/107.json,Presents the monthly count of successful orders from May to December 2022 in MM:COUNT format,,259 s,Early stop: Reach max steps 30,FAIL,8/7 22:59
/tmp/tmph5cxng34/562.json,create a repository named Awesome_DIY_ideas that includes a README file with the links to the most active 6 DIY ideas on DIY subreddit?,refresh,13 s,N/A,FAIL,8/7 23:0
/tmp/tmpp8n8ebao/108.json,Presents the monthly count of successful orders 01/2023-05/2023 in MM:COUNT format,,21 s,"01:5,02:5,03:5,04:5,05:5,01:4,02:4,03:4,04:4,05:4",FAIL,8/7 23:0
config_files/59.json,Tell me the closest restaurant(s) to CMU Hunt library,,71 s,The closest restaurant(s) to CMU Hunt library are displayed in the textbox 'To'.,FAIL,8/7 23:1
config_files/60.json,Tell me the closest restaurant(s) to CMU Posner Hall,,49 s,"The closest restaurant to CMU Posner Hall is Riki Japanese Restaurants located at 137 East 45th Street, Manhattan Community Board 6, Manhattan, New York County, City of New York, New York, 10017, United States.",FAIL,8/7 23:3
/tmp/tmp7jq3t386/109.json,Presents the monthly count of successful orders from Jan to December 2022 in MM:COUNT format,,691 s,Early stop: Reach max steps 30,FAIL,8/7 23:14
/tmp/tmphoenhzcx/110.json,Presents the monthly count of successful orders from Jan to Nov 2022 in MM:COUNT format,,77 s,"Jan:0, Feb:0, Mar:0, Apr:0, May:0, Jun:0, Jul:0, Aug:0, Sep:0, Oct:0, Nov:2",FAIL,8/7 23:15
config_files/61.json,Tell me the closest restaurant(s) to CMU Sorrells Library,,117 s,"The closest restaurant to CMU Sorrells Library is located at Restaurant, 21, South Bridge Street, Village of Fonda, Town of Mohawk, Montgomery County, New York, 12068, United States",FAIL,8/7 23:16
config_files/70.json,What is the zip code of Carnegie Mellon University?,,24 s,15213,PASS,8/7 23:17
/tmp/tmpez1m0jpk/565.json,create a repository named TODO that includes a README file with the links to the most active 10 DIY ideas on DIY subreddit?,,242 s,Early stop: Reach max steps 30,FAIL,8/7 23:21
/tmp/tmpza56_wna/111.json,Presents the monthly count of successful orders from Feb to Nov 2022 in MM:COUNT format,,692 s,Early stop: Reach max steps 30,FAIL,8/7 23:28
config_files/71.json,What is the zip code of Chatham University?,,21 s,N/A,FAIL,8/7 23:29
/tmp/tmpd7jqojv1/205.json,How many commits did kilian make on 3/5/2023?,,16 s,"On 3/5/2023, Kilian Valkhof made 1 commit.",PASS,8/7 23:29
/tmp/tmpatirm314/112.json,Show me the customers who have expressed dissatisfaction with Circe fleece?,,258 s,Early stop: Same typing action for 5 times,FAIL,8/7 23:33
/tmp/tmpxtbtsemh/566.json,create a repository named Do it myself that includes a README file with the links to the most active 8 DIY ideas on DIY subreddit?,,265 s,Early stop: Reach max steps 30,FAIL,8/7 23:33
config_files/72.json,What is the zip code of Yale University?,,8 s,06511,FAIL,8/7 23:34
/tmp/tmpmp0hfbn8/206.json,How many commits did Eric make on 3/2?,,15 s,1,FAIL,8/7 23:34
/tmp/tmpeoyuy07i/580.json,"Create a new forum named sci_fi, with a description of A wild place for sci-fi enthusiasts, and include ['New', 'Classic', 'Movies', 'Post my novel', 'Random'] in the sidebar?",,86 s,The forum has already been created successfully. Task is complete.,FAIL,8/7 23:35
/tmp/tmpnd2qry6g/113.json,Show me the customers who have expressed dissatisfaction with Olivia zip jacket?,,126 s,Early stop: Same typing action for 5 times,FAIL,8/7 23:36
config_files/73.json,What is the zip code of Columbia University?,,9 s,10027,PASS,8/7 23:36
/tmp/tmpa6te_fm4/114.json,Show me the customers who have expressed dissatisfaction with Antonia racer tank?,,32 s,Adam Garcia,FAIL,8/7 23:37
/tmp/tmpg27_gjye/581.json,"Create a new forum named cmu_lti, with a description of Language Technologies Institute at Carnegie Mellon University, and include ['announcement', 'paper', 'alumni'] in the sidebar?",,195 s,Early stop: Reach max steps 30,FAIL,8/7 23:40
/tmp/tmp8xkr9_uc/115.json,Show me the name of the customers who have expressed dissatisfaction with Chloe tank,,29 s,"Adam Garcia, Alex Johnson, Alex Martin, Alexander Thomas, Anna Nguyen, Ava Brown",FAIL,8/7 23:40
config_files/74.json,"Given the following locations, ['Carnegie Mellon University', 'apple store shadyside', 'starbucks on craig street'], what would be the optimal route to travel through them all in order to minimize total travel time? Please note the journey begins at the first place listed.",,197 s,Early stop: Reach max steps 30,FAIL,8/7 23:43
/tmp/tmp3mz7iqur/582.json,"Create a new forum named Cyberpunk, with a description of Welcome to the future, and include ['Games', 'Books', 'Movies', 'Future'] in the sidebar?",,196 s,Early stop: Reach max steps 30,FAIL,8/7 23:43
/tmp/tmpyio2q3fx/258.json,See all public projects,,268 s,Early stop: Reach max steps 30,FAIL,8/7 23:45
/tmp/tmppwrtc_q5/259.json,Get me my RSS feed token,,3 s,N/A,FAIL,8/7 23:45
/tmp/tmp75cqwhyy/116.json,Show me the name of the customers who have expressed dissatisfaction with tanks products?,,1 s,"Sarah Miller, Grace Nguyen",FAIL,8/7 23:45
config_files/75.json,"Given the following locations, ['Massachusetts Institute of Technology', 'Harvard University', 'Boston Logan International Airport'], what would be the optimal route to travel through them all in order to minimize total travel time? Please note the journey begins at the first place listed.",,86 s,Early stop: Same typing action for 5 times,FAIL,8/7 23:46
/tmp/tmpenv8fthg/583.json,"Create a new forum named PlantsForCatParents, with a description of Cat parents & plan lovers, and include ['Cat friendly', 'Local vendors', 'Promotion', 'Toxic plants!'] in the sidebar?",,194 s,Early stop: Reach max steps 30,FAIL,8/7 23:48
/tmp/tmpoljd0vmi/293.json,Show me the command to clone Super_Awesome_Robot with SSH.,,2 s,git clone git@github.com:Super_Awesome_Robot.git,FAIL,8/7 23:49
/tmp/tmpqehho2ws/119.json,Tell me the reasons why customers like Antonia Racer Tank,,45 s,"Customers like Antonia Racer Tank because it allows them to specify the weight in pounds using the textbox element [1319], choose the visibility using the combobox element [1328], select the activity type from the listbox element [1343], and choose the material from the listbox element [1466]. These interactive elements provide customization options and help customers make informed decisions about the product.",FAIL,8/7 23:49
config_files/76.json,"Given the following locations, ['Princeton University', 'Yale University', 'Harvard University'], what would be the optimal route to travel through them all in order to minimize total travel time? Please note the journey begins at the first place listed.",,212 s,Early stop: Reach max steps 30,FAIL,8/7 23:52
/tmp/tmp4z87mxa_/120.json,Tell me the reasons why customers like Ana Running Short,,15 s,"Customers like Ana Running Short because it is enabled for purchase on the website, has a competitive price of $19.00, and is available in a quantity of 100 units.",FAIL,8/7 23:53
/tmp/tmpqd5nz2ci/294.json,Show me the command to clone ChatGPT with SSH.,,11 s,git clone git@github.com:OpenAI/chatgpt.git,FAIL,8/7 23:53
config_files/80.json,"What is the duration required to first walk from Carnegie Mellon University to Starbucks on Craig Street, and then drive to Pittsburgh International Airport?",,108 s,N/A,FAIL,8/7 23:54
/tmp/tmpj65z3t7y/595.json,"Open the thread of a trending post on the forum ""space"" and subscribe.",,184 s,N/A,FAIL,8/7 23:56
/tmp/tmpw4zws77b/295.json,Show me the command to clone metaseq with SSH.,,2 s,git clone git@gitlab.com:metaseq.git,FAIL,8/7 23:56
/tmp/tmp3yqqrwvk/121.json,Tell me the reasons why customers like Circe hooded fleece,,15 s,"Customers like Circe hooded fleece because it is a high-quality product offered at a reasonable price point, providing comfort and style to the customers.",FAIL,8/7 23:56
config_files/81.json,"What is the duration required to first walk from Univ of Pittsburgh to starbucks on Craig Street, and then drive to Pittsburgh International Airport?",,188 s,Early stop: Reach max steps 30,FAIL,8/7 23:59
/tmp/tmpcwcr4o2x/596.json,"Open the thread of a trending post on the forum ""books"" and subscribe.",,230 s,Early stop: Reach max steps 30,FAIL,8/8 0:0
/tmp/tmph5qv6f9r/296.json,Show me the command to clone the best GAN python implementation with SSH.,,42 s,git clone ssh://git@ec2-3-145-147-254.us-east-2.compute.amazonaws.com:2222/byteblaze/cloud-to-butt.git,FAIL,8/8 0:1
/tmp/tmp_oi9i38e/122.json,Tell me the reasons why customers like Olivia zip jacket,,51 s,"Customers like Olivia zip jacket because of its stylish design, comfortable fit, and reasonable price.",FAIL,8/8 0:1
config_files/82.json,"What is the duration required to first walk from Massachusetts Institute of Technology to Harvard University, and then drive to Boston Logan International Airport?",,215 s,Early stop: Reach max steps 30,FAIL,8/8 0:4
/tmp/tmp7zjy3n_3/44.json,Check out my todos,,3 s,The webpage encountered a 500 error and is unable to display the todos.,FAIL,8/8 1:6
/tmp/tmp8wgkge3v/0.json,What is the top-1 best-selling product in 2022,,10 s,"The top-1 best-selling product in 2022 is the Sprite Stasis Ball 65 cm, with a price of $27.00 and a quantity sold of 6.",PASS,8/8 1:7
/tmp/tmpcp4fu4ey/27.json,Tell me the count of comments that have received more downvotes than upvotes for the user who made the latest post on the Showerthoughts forum.,,10 s,N/A,FAIL,8/8 1:7
config_files/97.json,Tell me the distance to drive from Carnegie Mellon University to the top computer science school in massachusetts,,23 s,"The distance to drive from Carnegie Mellon University to the top computer science school in Massachusetts, which is MIT, is 914km, as shown in the StaticText with ID [617].",PASS,8/8 1:7
config_files/7.json,Tell me the full address of all international airports that are within a driving distance of 50 km to Carnegie Mellon University,,33 s,The full address of all international airports within a 50 km driving distance to Carnegie Mellon University can be found in the textbox 'To' by clicking the 'Go' button. Please check the textbox 'To' for the specific addresses.,FAIL,8/8 1:7
/tmp/tmpedtw_llq/1.json,What is the top-1 best-selling brand in Quarter 1 2022,,10 s,The top-1 best-selling brand in Quarter 1 2022 is Sprite Stasis Ball 65 cm with a total of 6 units sold at a price of $27.00 each.,PASS,8/8 1:7
config_files/265.json,What's the closest national park to Boston? How far is it to drive there?,,25 s,"The closest national park to Boston is Minute Man National Historical Park, located approximately 22 miles away. It takes about 30-40 minutes to drive there depending on traffic.",FAIL,8/8 1:8
/tmp/tmp6l8cibaz/28.json,Tell me the count of comments that have received more downvotes than upvotes for the user who made the latest post on the Worcester forum.,,21 s,N/A,FAIL,8/8 1:8
config_files/8.json,Tell me the full address of all international airports that are within a driving distance of 5 km to Carnegie Mellon University,,32 s,N/A,PASS,8/8 1:8
/tmp/tmposzyz1ig/2.json,What is the top-1 best-selling product type in Quarter 1 2022,,3 s,'Sprite Yoga Strap 6 foot',FAIL,8/8 1:9
config_files/266.json,What's the closest national park to the largest city in Maine?,,13 s,"The closest national park to the largest city in Maine, Portland, is Acadia National Park located approximately 160 miles northeast of Portland.",PASS,8/8 1:9
/tmp/tmpvf8xaqh8/29.json,Tell me the count of comments that have received more downvotes than upvotes for the user who made the latest post on the DIY forum.,,41 s,N/A,FAIL,8/8 1:10
config_files/9.json,Tell me the full address of all international airports that are within a driving distance of 30 km to Carnegie Art Museum,,85 s,N/A,FAIL,8/8 1:11
/tmp/tmpr_q1s2g2/46.json,Check out the most recent open issues,,220 s,Early stop: Reach max steps 30,FAIL,8/8 1:13
config_files/267.json,What's the closest national park to the hometown of Stephen King? How long it takes to drive there?,,5 s,"The closest national park to the hometown of Stephen King is Acadia National Park in Maine. It would take approximately 2 hours and 30 minutes to drive there from Bangor, Maine, which is Stephen King's hometown.",FAIL,8/8 1:13
config_files/10.json,Tell me the full address of all US international airports that are within a driving distance of 60 km to Niagara Falls,,12 s,"The full address of US international airports within a driving distance of 60 km to Niagara Falls are: 1) City of Niagara Falls, Niagara County, New York, United States 2) Horseshoe Falls, Goat Island Road, City of Niagara Falls, Niagara County, New York, 14302, United States",FAIL,8/8 1:14
/tmp/tmpi419fys_/3.json,What are the top-2 best-selling product in 2022,,9 s,Sprite Yoga Strap 6 foot with a price of $14.00 and quantity sold of 6,FAIL,8/8 1:14
/tmp/tmpbnqzn0_e/102.json,Display the list of issues in the a11yproject/a11yproject.com repository that have labels related to help needed,,37 s,The list of issues with the 'help wanted' label is already displayed in the main section.,FAIL,8/8 1:14
/tmp/tmpc0rcqfp8/30.json,Tell me the count of comments that have received more downvotes than upvotes for the user who made the latest post on the space forum.,,108 s,1,FAIL,8/8 1:15
config_files/268.json,"What's the closest national park to Vinalhaven, ME? How long does it take to bike there?",,17 s,"The closest national park to Vinalhaven, ME is Acadia National Park. It is approximately 67 miles away from Vinalhaven. It would take around 4-5 hours to bike there, depending on the route and individual biking speed.",FAIL,8/8 1:16
/tmp/tmp394j5kp3/4.json,What are the top-3 best-selling product in Jan 2023,,13 s,The top-3 best-selling product in Jan 2023 is 'Sprite Yoga Strap 6 foot' with a price of $14.00 and a quantity sold of 6.,FAIL,8/8 1:16
/tmp/tmpu1y3zuwq/103.json,Display the list of issues in the kkroening/ffmpeg-python repository that have labels related to questions,,25 s,N/A,FAIL,8/8 1:16
/tmp/tmpi5xcx_qp/31.json,Tell me the count of comments that have received more downvotes than upvotes for the user who made the latest post on the photoshopbattles forum.,,64 s,N/A,FAIL,8/8 1:17
config_files/16.json,"Compare the time for walking and driving route from 5000 Fifth Avenue, Pittsburgh to UPMC family health center",N/A,136 s,N/A,FAIL,8/8 1:18
/tmp/tmpjdqtcnyc/5.json,What is the top-1 best-selling product type in Jan 2023,,9 s,"The top-1 best-selling product type in Jan 2023 is the Sprite Stasis Ball 65 cm, with a quantity of 6 sold at a price of $27.00 each.",FAIL,8/8 1:18
/tmp/tmpbvtnbvn7/66.json,"Among the top 10 post in ""books"" forum, show me the post URLs that recommand a single book",,19 s,N/A,FAIL,8/8 1:19
config_files/424.json,Find the page of the place where Mr. Rogers was filmed on the map.,,152 s,Early stop: Reach max steps 30,FAIL,8/8 1:21
config_files/17.json,Compare the time for walking and driving route from AMC Waterfront to Carnegie Mellon University,,189 s,Early stop: Reach max steps 30,FAIL,8/8 1:21
/tmp/tmp3hbnkpw5/104.json,Display the list of issues in the keycloak/keycloak repository that have labels related to flaky-test,,238 s,Early stop: Reach max steps 30,FAIL,8/8 1:22
/tmp/tmpegtyrtqu/67.json,"Among the top 10 post in ""books"" forum, show me the book names from posts that recommand a single book",,5 s,N/A,FAIL,8/8 1:23
/tmp/tmpuj1fost8/6.json,What are the top-5 best-selling product in 2023,,13 s,"The top-5 best-selling products in 2023 are: 1) Sprite Yoga Strap 6 foot - 6 units sold, 2) Sarah Miller - 5 units sold, 3) Grace Nguyen - 4 units sold",FAIL,8/8 1:23
config_files/425.json,Find the page of the longest bridge in the Western hemisphere on the map.,,176 s,Early stop: Reach max steps 30,FAIL,8/8 1:26
config_files/18.json,Compare the time for walking and driving route from AMC Waterfront to Univ of Pittsburgh,,183 s,Early stop: Reach max steps 30,FAIL,8/8 1:26
/tmp/tmp30nxrq6d/11.json,"Tell me the the number of reviews that our store received by far that mention term ""disappointed""",,9 s,The store received 1 review that mentions the term 'disappointed' from the customer Sarah Miller.,FAIL,8/8 1:26
/tmp/tmpvvf5buws/68.json,"Among the top 10 post in ""books"" forum, show me the author name and the book name from posts that recommand a single book",,13 s,"George Orwell, 1984",FAIL,8/8 1:26
/tmp/tmp369vbkc_/106.json,Display the list of issues in the umano/AndroidSlidingUpPanel repository that have labels related to BUG,,11 s,"The list of issues in the umano/AndroidSlidingUpPanel repository that have labels related to BUG are: 1) Outdated dependencies - byteblaze/empathy-prompts#18, 2) Priority: Critical, 3) Type: Bug",FAIL,8/8 1:26
config_files/426.json,Find the page of the place in Pennsylvania where a plane crashed during the September 11th attacks on the map.,,77 s,Early stop: Same typing action for 5 times,FAIL,8/8 1:27
config_files/19.json,Compare the time for walking and driving route from Carnegie Science Center to Carnegie Mellon University,,185 s,Early stop: Reach max steps 30,FAIL,8/8 1:29
/tmp/tmp6j6ao7bn/12.json,"Tell me the the number of reviews that our store received by far that mention term ""satisfied""",,6 s,0,FAIL,8/8 1:30
/tmp/tmpx_m18r3q/132.json,How many commits did kilian make to a11yproject on 3/5/2023?,,2 s,21,FAIL,8/8 1:30
/tmp/tmp48sz2bht/69.json,"Among the top 10 post in ""books"" forum, is there any post talks about supporting local book stores? If so, tell me the organizations involved",,10 s,N/A,FAIL,8/8 1:30
