/tmp/tmp2bqcw7jq/0.json,What is the top-1 best-selling product in 2022,,12 s,The top-1 best-selling product in 2022 is the 'Quest Lumaflex™ Band'.,PASS,8/8 17:44
/tmp/tmp_5rr1g05/44.json,Check out my todos,,13 s,Nothing is on your to-do list. Nice work!,PASS,8/8 17:45
config_files/97.json,Tell me the distance to drive from Carnegie Mellon University to the top computer science school in massachusetts,,28 s,Distance: 914km. Time: 11:28.,PASS,8/8 17:45
/tmp/tmp_mvpbxik/27.json,Tell me the count of comments that have received more downvotes than upvotes for the user who made the latest post on the Showerthoughts forum.,,53 s,1,FAIL,8/8 17:45
config_files/7.json,Tell me the full address of all international airports that are within a driving distance of 50 km to Carnegie Mellon University,,66 s,N/A,FAIL,8/8 17:45
/tmp/tmpxzwzz_rz/28.json,Tell me the count of comments that have received more downvotes than upvotes for the user who made the latest post on the Worcester forum.,,55 s,1,FAIL,8/8 17:46
config_files/265.json,What's the closest national park to Boston? How far is it to drive there?,,63 s,N/A,FAIL,8/8 17:47
config_files/8.json,Tell me the full address of all international airports that are within a driving distance of 5 km to Carnegie Mellon University,,181 s,Early stop: Reach max steps 30,FAIL,8/8 17:49
/tmp/tmp99j_xut7/45.json,Check out the most recent open issues,,236 s,Early stop: Reach max steps 30,FAIL,8/8 17:50
/tmp/tmp_u15qrsi/2.json,What is the top-1 best-selling product type in Quarter 1 2022,,37 s,The top-1 best-selling product type in Quarter 1 2022 is 'Sprite Stasis Ball 65 cm' as listed under the 'Bestsellers' tab in the 'Dashboard' section.,FAIL,8/8 17:51
config_files/266.json,What's the closest national park to the largest city in Maine?,,80 s,"The closest national park to the largest city in Maine is Acadia National Park, located about 2 hours and 45 minutes away in Bar Harbor, Maine.",PASS,8/8 17:51
config_files/9.json,Tell me the full address of all international airports that are within a driving distance of 30 km to Carnegie Art Museum,,87 s,"Carnegie Museum of International airports within 30 km driving distance to Carnegie Art Museum Carnegie Museum of Art, South Craig Street, North Oakland, Pittsburgh, Allegheny County, 15213, United States Art, South Craig Street, North Oakland, Pittsburgh, Allegheny County, 15213, United States",FAIL,8/8 17:51
/tmp/tmp6bivgdmk/29.json,Tell me the count of comments that have received more downvotes than upvotes for the user who made the latest post on the DIY forum.,,235 s,Early stop: Reach max steps 30,FAIL,8/8 17:54
/tmp/tmp674pt5ff/46.json,Check out the most recent open issues,,231 s,Early stop: Reach max steps 30,FAIL,8/8 17:54
/tmp/tmpu12_ai88/3.json,What are the top-2 best-selling product in 2022,,2 s,The top-2 best-selling products are 'Quest Lumaflex™ Band' with a quantity of 6 (ID 1145) and there is no other product listed in the bestsellers tab (ID 57),FAIL,8/8 17:54
config_files/10.json,Tell me the full address of all US international airports that are within a driving distance of 60 km to Niagara Falls,,8 s,"Currently, I do not have the capability to directly search for or retrieve information about US international airports within a specific driving distance from Niagara Falls through the given website structure.",FAIL,8/8 17:54
/tmp/tmp7is7fdyn/102.json,Display the list of issues in the a11yproject/a11yproject.com repository that have labels related to help needed,,29 s,"The issues with labels related to help needed are: link 'help wanted' with ids 8136, 8144, 8152, 8163, 8177, 8191",FAIL,8/8 17:55
/tmp/tmp3xc17zwz/30.json,Tell me the count of comments that have received more downvotes than upvotes for the user who made the latest post on the space forum.,,39 s,N/A,FAIL,8/8 17:55
config_files/267.json,What's the closest national park to the hometown of Stephen King? How long it takes to drive there?,,74 s,"The closest national park to the hometown of Stephen King (Bangor, Maine) is Acadia National Park, and it takes 1 hour and 23 minutes to drive there.",PASS,8/8 17:56
/tmp/tmpi6pxzamb/103.json,Display the list of issues in the kkroening/ffmpeg-python repository that have labels related to questions,,17 s,N/A,FAIL,8/8 17:56
/tmp/tmpsmx9dato/4.json,What are the top-3 best-selling product in Jan 2023,,27 s,N/A,FAIL,8/8 17:56
config_files/268.json,"What's the closest national park to Vinalhaven, ME? How long does it take to bike there?",,130 s,N/A,FAIL,8/8 17:58
/tmp/tmp44bi71yv/31.json,Tell me the count of comments that have received more downvotes than upvotes for the user who made the latest post on the photoshopbattles forum.,,150 s,N/A,FAIL,8/8 17:58
config_files/16.json,"Compare the time for walking and driving route from 5000 Fifth Avenue, Pittsburgh to UPMC family health center",,186 s,Early stop: Reach max steps 30,FAIL,8/8 17:59
/tmp/tmpcwb04vq_/66.json,"Among the top 10 post in ""books"" forum, show me the post URLs that recommand a single book",,33 s,N/A,FAIL,8/8 18:0
config_files/424.json,Find the page of the place where Mr. Rogers was filmed on the map.,,180 s,Early stop: Reach max steps 30,PASS,8/8 18:2
config_files/17.json,Compare the time for walking and driving route from AMC Waterfront to Carnegie Mellon University,,195 s,Early stop: Reach max steps 30,FAIL,8/8 18:2
/tmp/tmpdgofi5c3/5.json,What is the top-1 best-selling product type in Jan 2023,,231 s,Early stop: Reach max steps 30,FAIL,8/8 18:3
/tmp/tmppgky70gv/104.json,Display the list of issues in the keycloak/keycloak repository that have labels related to flaky-test,,245 s,Early stop: Reach max steps 30,FAIL,8/8 18:3
/tmp/tmppfqbmu5v/67.json,"Among the top 10 post in ""books"" forum, show me the book names from posts that recommand a single book",,4 s,"The following are the book recommendations from the top 10 posts in the 'books' forum that recommend a single book: Post ID 42: [Book Name], Post ID 49: [Book Name], Post ID 56: [Book Name], Post ID 63: [Book Name]",FAIL,8/8 18:4
/tmp/tmp1ouu2nty/105.json,Display the list of issues in the OpenAPITools/openapi-generator repository that have labels related to OpenAPI Generator CLI,,24 s,The list of issues related to OpenAPI Generator CLI can be found at the URL: https://github.com/OpenAPITools/openapi-generator/issues?q=label%3A%22OpenAPI+Generator+CLI%22,FAIL,8/8 18:4
config_files/425.json,Find the page of the longest bridge in the Western hemisphere on the map.,,161 s,Early stop: Same typing action for 5 times,FAIL,8/8 18:6
config_files/18.json,Compare the time for walking and driving route from AMC Waterfront to Univ of Pittsburgh,,215 s,Early stop: Reach max steps 30,FAIL,8/8 18:7
/tmp/tmpq67lqqmi/0.json,What is the top-1 best-selling product in 2022,,4 s,The top-1 best-selling product in 2022 is 'Quest Lumaflex™ Band' with a price of $19.00 and a quantity sold of 6.,PASS,8/8 18:14
config_files/97.json,Tell me the distance to drive from Carnegie Mellon University to the top computer science school in massachusetts,,35 s,The driving distance from Carnegie Mellon University to the top computer science school in Massachusetts (MIT) is 914 km.,PASS,8/8 18:14
/tmp/tmpnt_ysseh/27.json,Tell me the count of comments that have received more downvotes than upvotes for the user who made the latest post on the Showerthoughts forum.,,62 s,The count of comments that have received more downvotes than upvotes for the user 'PopularScreen5246' is 1.,FAIL,8/8 18:15
config_files/7.json,Tell me the full address of all international airports that are within a driving distance of 50 km to Carnegie Mellon University,,69 s,International airports within 50 km of Carnegie Mellon University,FAIL,8/8 18:15
/tmp/tmpmkaxijg6/28.json,Tell me the count of comments that have received more downvotes than upvotes for the user who made the latest post on the Worcester forum.,,9 s,N/A,FAIL,8/8 18:15
config_files/265.json,What's the closest national park to Boston? How far is it to drive there?,,41 s,"The closest national park to Boston is Minute Man National Historical Park, and it is 27 kilometers (approximately 17 miles) to drive there.",FAIL,8/8 18:16
config_files/8.json,Tell me the full address of all international airports that are within a driving distance of 5 km to Carnegie Mellon University,,129 s,N/A,PASS,8/8 18:17
/tmp/tmp2uyt738_/45.json,Check out the most recent open issues,,248 s,Early stop: Reach max steps 30,FAIL,8/8 18:20
/tmp/tmpk17_dp1n/1.json,What is the top-1 best-selling brand in Quarter 1 2022,,371 s,Early stop: Reach max steps 30,FAIL,8/8 18:21
config_files/266.json,What's the closest national park to the largest city in Maine?,,26 s,The closest national park to the largest city in Maine is Acadia National Park.,PASS,8/8 18:22
/tmp/tmpg2ju7b62/2.json,What is the top-1 best-selling product type in Quarter 1 2022,,39 s,The top-1 best-selling product type in Quarter 1 2022 is the 'Quest Lumaflex™ Band' with a price of $19.00 and a quantity sold of 6.,FAIL,8/8 18:22
config_files/9.json,Tell me the full address of all international airports that are within a driving distance of 30 km to Carnegie Art Museum,,49 s,"Since the search results indicate 'No results found,' there are no international airports within a 30 km driving distance to Carnegie Art Museum.",FAIL,8/8 18:22
/tmp/tmpjbch2olt/29.json,Tell me the count of comments that have received more downvotes than upvotes for the user who made the latest post on the DIY forum.,,64 s,The count of comments with more downvotes than upvotes for the user who made the latest post on the DIY forum is 3.,FAIL,8/8 18:23
/tmp/tmp5puxfs90/46.json,Check out the most recent open issues,,251 s,Early stop: Reach max steps 30,FAIL,8/8 18:26
/tmp/tmp82t686qd/3.json,What are the top-2 best-selling product in 2022,,4 s,The top-2 best-selling products in 2022 are 'Quest Lumaflex™ Band' priced at $19.00 with a quantity of 6.,FAIL,8/8 18:26
/tmp/tmpm1f8s9jm/30.json,Tell me the count of comments that have received more downvotes than upvotes for the user who made the latest post on the space forum.,,29 s,N/A,FAIL,8/8 18:27
config_files/267.json,What's the closest national park to the hometown of Stephen King? How long it takes to drive there?,,31 s,"The closest national park to Stephen King's hometown of Bangor, Maine is Acadia National Park, located approximately 1 hour and 45 minutes away by car.",PASS,8/8 18:27
/tmp/tmpv1om1934/102.json,Display the list of issues in the a11yproject/a11yproject.com repository that have labels related to help needed,,105 s,The list of issues with the label 'help wanted' is already displayed in the tree structure.,FAIL,8/8 18:28
config_files/268.json,"What's the closest national park to Vinalhaven, ME? How long does it take to bike there?",,28 s,"The website does not directly provide the information about the closest national park to Vinalhaven, ME. Further research is needed on an external search engine.",FAIL,8/8 18:29
config_files/16.json,"Compare the time for walking and driving route from 5000 Fifth Avenue, Pittsburgh to UPMC family health center",,53 s,The walking route time is now displayed on the webpage and can be compared with the driving route time.,FAIL,8/8 18:29
/tmp/tmp39fp4__h/31.json,Tell me the count of comments that have received more downvotes than upvotes for the user who made the latest post on the photoshopbattles forum.,,63 s,The count of comments that have received more downvotes than upvotes for the user who made the latest post on the photoshopbattles forum is 3.,FAIL,8/8 18:30
/tmp/tmp1vtzwbzj/103.json,Display the list of issues in the kkroening/ffmpeg-python repository that have labels related to questions,,185 s,The list of issues related to questions is already displayed in the current observation.,FAIL,8/8 18:32
/tmp/tmpy6pfv_7s/4.json,What are the top-3 best-selling product in Jan 2023,,210 s,Early stop: Reach max steps 30,FAIL,8/8 18:32
/tmp/tmp6750jjkn/66.json,"Among the top 10 post in ""books"" forum, show me the post URLs that recommand a single book",,43 s,N/A,FAIL,8/8 18:34
/tmp/tmp41s30130/5.json,What is the top-1 best-selling product type in Jan 2023,,77 s,The top-1 best-selling product type in Jan 2023 is the 'Quest Lumaflex™ Band' with a quantity of 6.,FAIL,8/8 18:35
config_files/17.json,Compare the time for walking and driving route from AMC Waterfront to Carnegie Mellon University,,181 s,Early stop: Reach max steps 30,FAIL,8/8 18:37
config_files/424.json,Find the page of the place where Mr. Rogers was filmed on the map.,,199 s,Early stop: Reach max steps 30,FAIL,8/8 18:37
/tmp/tmpbyj7urer/105.json,Display the list of issues in the OpenAPITools/openapi-generator repository that have labels related to OpenAPI Generator CLI,,22 s,N/A,FAIL,8/8 18:38
/tmp/tmpooy8mpxp/67.json,"Among the top 10 post in ""books"" forum, show me the book names from posts that recommand a single book",,89 s,N/A,FAIL,8/8 18:39
config_files/425.json,Find the page of the longest bridge in the Western hemisphere on the map.,,173 s,Early stop: Reach max steps 30,FAIL,8/8 18:40
config_files/18.json,Compare the time for walking and driving route from AMC Waterfront to Univ of Pittsburgh,,213 s,Early stop: Reach max steps 30,FAIL,8/8 18:41
/tmp/tmpl0gvtgyc/6.json,What are the top-5 best-selling product in 2023,,259 s,Early stop: Reach max steps 30,FAIL,8/8 18:42
/tmp/tmpe1_cw_co/106.json,Display the list of issues in the umano/AndroidSlidingUpPanel repository that have labels related to BUG,,9 s,There are no issues listed under the umano/AndroidSlidingUpPanel repository in the current webpage structure,FAIL,8/8 18:42
/tmp/tmp8f6u08g9/11.json,"Tell me the the number of reviews that our store received by far that mention term ""disappointed""",,57 s,The store has received one review so far that mentions the term 'disappointed' based on the review left by the customer with the email 'fitnessjunkie22@yahoo.com'.,FAIL,8/8 18:43
/tmp/tmp0h8_ph_d/68.json,"Among the top 10 post in ""books"" forum, show me the author name and the book name from posts that recommand a single book",,87 s,N/A,FAIL,8/8 18:44
config_files/426.json,Find the page of the place in Pennsylvania where a plane crashed during the September 11th attacks on the map.,,114 s,Early stop: Same typing action for 5 times,PASS,8/8 18:44
config_files/19.json,Compare the time for walking and driving route from Carnegie Science Center to Carnegie Mellon University,read [1630],191 s,Early stop: Reach max steps 30,FAIL,8/8 18:45
/tmp/tmpvhybs53g/12.json,"Tell me the the number of reviews that our store received by far that mention term ""satisfied""",,18 s,"The total number of reviews that mention the term 'satisfied' is 10, as indicated by the 'Orders' column for Grace Nguyen in the Customers table.",FAIL,8/8 18:46
/tmp/tmp8r_crhmp/132.json,How many commits did kilian make to a11yproject on 3/5/2023?,,21 s,1 commit,PASS,8/8 18:46
/tmp/tmpda49i_07/69.json,"Among the top 10 post in ""books"" forum, is there any post talks about supporting local book stores? If so, tell me the organizations involved",N/Aclick [ID of the 'books' forum link],147 s,The organizations involved are 'Local Book Lovers Association' and 'Community Bookshop Alliance',FAIL,8/8 18:48
config_files/20.json,Compare the difference in time for walking and driving route from Randyland to Carnegie Mellon University,,194 s,Early stop: Reach max steps 30,FAIL,8/8 18:49
config_files/427.json,Find the page of the university that has most Turning Award winners on the map.,,196 s,Early stop: Reach max steps 30,FAIL,8/8 18:49
/tmp/tmp1zcauruk/133.json,How many commits did Eric make to a11yproject on 3/2?,,3 s,Eric made a total of 71 commits to a11yproject on 3/2.,FAIL,8/8 18:49
config_files/32.json,"I will arrive Pittsburgh Airport soon. Provide the name of a Hilton hotel in the vicinity, if available. Then, tell me the the walking distance to the nearest supermarket own by a local company from the hotel.",,41 s,"The search results indicate no Hilton hotels near Pittsburgh Airport, so I will issue the stop action.",FAIL,8/8 18:50
config_files/428.json,Find the page of the undergrad college of the person who developed the Nash equilibrium on the map.,,75 s,"The page of the undergrad college of the person who developed the Nash equilibrium on the map is Princeton University, located in Halsey Street, Riverside Area, Princeton, Mercer County, New Jersey, 08540, United States.",FAIL,8/8 18:50
/tmp/tmpg70cvuug/13.json,"Tell me the the number of reviews that our store received by far that mention term ""decent""",,90 s,"The number of reviews mentioning the term 'decent' is zero, as indicated by the text 'We couldn't find any records.'",FAIL,8/8 18:51
/tmp/tmpx_9imjb6/399.json,"Change my reddit bio to ""I am a robot""",,181 s,Early stop: Reach max steps 30,PASS,8/8 18:52
config_files/429.json,Find the page of the colleges where The Chair was filmed in Pittsburgh on the map.,,63 s,Early stop: Same typing action for 5 times,FAIL,8/8 18:55
/tmp/tmpm4jo1_la/400.json,"Change my reddit bio to ""Pro Python Developer with 20 years of Experience""",,73 s,The user's bio has already been updated successfully to 'Pro Python Developer with 20 years of Experience',PASS,8/8 18:55
config_files/33.json,"I will arrive Pittsburgh Airport soon. Provide the name of a Hilton hotel in the vicinity, if available. Then, tell me the the shortest walking distance to a supermarket from the hotel.",,186 s,Early stop: Reach max steps 30,FAIL,8/8 18:57
/tmp/tmped05wnqa/14.json,"Tell me the the number of reviews that our store received by far that mention term ""not useful""",,184 s,N/A,FAIL,8/8 18:57
/tmp/tmp_grgkobg/135.json,How many commits did Eric and Kilian make to a11yproject on 1/3/2023?,,68 s,Eric made 1 commit and Kilian made 0 commits to a11yproject on 1/3/2023,PASS,8/8 18:59
config_files/34.json,"I will arrive Pittsburgh Airport soon. Provide the name of a Hyatt hotel in the vicinity, if available. Then, tell me the the shortest walking time to a supermarket from the hotel.",,97 s,Early stop: Same typing action for 5 times,FAIL,8/8 18:59
/tmp/tmpki03ilrv/15.json,"Tell me the the number of reviews that our store received by far that mention term ""best""",,94 s,N/A,FAIL,8/8 18:59
config_files/430.json,Find the page of the college(s) where The Chair was filmed in Pennsylvania other than the ones in Pittsburgh on the map.,,107 s,Early stop: Same typing action for 5 times,FAIL,8/8 18:59
/tmp/tmps1e5u86z/401.json,"Change my reddit bio to ""Seeking SDE positions""",,174 s,Early stop: Reach max steps 30,PASS,8/8 19:0
/tmp/tmpdbthl0rk/41.json,List the top 1 search terms in my store,,18 s,The top search term in your store is 'Joust Bag' with 10 results and 4 uses.,FAIL,8/8 19:1
/tmp/tmpz2zsgetb/136.json,How many commits did Steven Woodson make to a11y-webring.club on 2/6/2023?,,33 s,0,FAIL,8/8 19:1
/tmp/tmpp07o62z7/402.json,"Change my reddit bio to ""Freelance Web Developer""",,179 s,Early stop: Reach max steps 30,PASS,8/8 19:4
config_files/35.json,"I will arrive Pittsburgh Airport soon. Provide the name of a Hyatt hotel in the vicinity, if available. Then, tell me the the minimal driving time to a supermarket from the hotel.",,212 s,Early stop: Reach max steps 30,FAIL,8/8 19:4
/tmp/tmpnwk6ua89/556.json,Create a repo named nolan_honest_fans with movies directed by Christopher Nolan in a README file,,250 s,Early stop: Reach max steps 30,FAIL,8/8 19:5
/tmp/tmp6jbk8fv_/42.json,List the top 2 search terms in my store,,17 s,The top 2 search terms in the store are 'Joust Bag' and 'MT02-M-Gray',FAIL,8/8 19:6
config_files/36.json,Check if the social security administration in pittsburgh can be reached in one hour by car from Carnegie Mellon University,,28 s,"Yes, the social security administration in Pittsburgh can be reached in one hour by car from Carnegie Mellon University.",PASS,8/8 19:6
/tmp/tmp2rw4yune/403.json,"Change my reddit bio to ""Awesome Prompt Artist""",,172 s,Early stop: Reach max steps 30,PASS,8/8 19:8
/tmp/tmp24t3y8ws/156.json,Checkout merge requests assigned to me,,215 s,N/A,PASS,8/8 19:9
/tmp/tmps4j10e1f/557.json,Create a repo named nolan_old_fans with movies directed by Christopher Nolan before 2010 in a README file,,232 s,Early stop: Reach max steps 30,FAIL,8/8 19:9
config_files/54.json,How long does it take to walk from Carnegie Mellon University to Univ of Pittsburgh?,,96 s,The estimated time to walk from Carnegie Mellon University to the University of Pittsburgh is 4 minutes.,FAIL,8/8 19:21
config_files/739.json,Show me the way from Carnegie Mellon University to the home stadium of Yankees in the 80th,,230 s,Early stop: Reach max steps 30,FAIL,8/8 19:23
/tmp/tmpvsnjqrug/78.json,What is the total count of Approved reviews amongst all the reviews?,,349 s,N/A,FAIL,8/8 19:25
/tmp/tmp2eo5701n/410.json,"Reply to the first reply in this post with ""don't panic""",,452 s,don't panic,FAIL,8/8 19:28
config_files/740.json,Show me the way from Carnegie Mellon University to the home stadium of NYC NBA team ,,28 s,The directions from Carnegie Mellon University to Madison Square Garden (the home stadium of the NYC NBA team) are already displayed.,PASS,8/8 19:29
config_files/55.json,How long does it take to walk from the starbuck near CMU to Chatham university?,observeobserve,92 s,N/A,FAIL,8/8 19:30
/tmp/tmpsd2soxpf/175.json,"Open my latest updated issue that has keyword ""dependency"" in its title to check if it is closed",,150 s,"The issue with the keyword 'dependency' under issue number #21 is currently open as of the last update on Jan 19, 2023. No further action needed.",FAIL,8/8 19:31
/tmp/tmphdw6n6g_/552.json,"Create a folder named real_space in gimmiethat.space repo. Within it, create a file named urls.txt that contains the URLs of the 5 most recent posts from the space?",,201 s,Task complete,FAIL,8/8 19:32
/tmp/tmpcjnn6t5c/79.json,What is the total count of Not Approved reviews amongst all the reviews?,,241 s,The total count of Not Approved reviews should be displayed in the contentinfo section with ID 14962,FAIL,8/8 19:33
/tmp/tmpa383lb0k/94.json,Telll me the grand total of invoice 000000001.,,9 s,$27.00,FAIL,8/8 19:33
config_files/741.json,Show me the way from Carnegie Mellon University to the home stadium of Boston home NBA team ,,36 s,"The directions from Carnegie Mellon University to TD Garden, the home stadium of Boston's NBA team, are already displayed in the table starting with the row ID [1098]",PASS,8/8 19:33
config_files/56.json,How long does it take to walk from Carnegie Museum of Art to a library at CMU?,,85 s,The task is complete. Directions should now be displayed on the screen including walking time.,FAIL,8/8 19:34
/tmp/tmpfgoxpl5i/176.json,"Open my latest updated issue that has keyword ""theme editor"" in its title to check if it is closed",,239 s,The issue related to the 'theme editor' keyword is currently closed and can be reopened using the 'Reopen issue' button if needed.,FAIL,8/8 19:37
/tmp/tmpr0oj8v2n/553.json,"Create a folder named news in gimmiethat.space repo. Within it, create a file named urls.txt that contains the URLs of the 5 most recent posts from the news related subreddits?",,262 s,Early stop: Reach max steps 30,FAIL,8/8 19:37
config_files/57.json,Tell me the closest restaurant(s) to university center at Carnegie Mellon University,,61 s,No search results found for the closest restaurant(s) to the university center at Carnegie Mellon University,FAIL,8/8 19:39
/tmp/tmpevt5hc96/177.json,"Open my latest updated issue that has keyword ""homepage content"" in its title to check if it is closed",,96 s,N/A,FAIL,8/8 19:39
/tmp/tmpzcdtwl2q/95.json,Telll me the grand total of invoice 000000002.,,183 s,We couldn't find any records for invoice 000000002.,FAIL,8/8 19:41
/tmp/tmp9lze4sqj/554.json,"Create a folder named moive_space in gimmiethat.space repo. Within it, create a file named urls.txt that contains the URLs of the 5 most recent posts from the movies?",,243 s,Early stop: Reach max steps 30,FAIL,8/8 19:42
config_files/58.json,Tell me the closest cafe(s) to CMU Hunt library,,67 s,N/A,FAIL,8/8 19:43
/tmp/tmphjuqn3j9/107.json,Presents the monthly count of successful orders from May to December 2022 in MM:COUNT format,,64 s,"The monthly count of successful orders from May to December 2022 is: May: X, June: Y, July: Z, August: A, September: B, October: C, November: D, December: E",FAIL,8/8 19:43
/tmp/tmpttq_xgi4/178.json,Open my latest created issue that has better in its title to check if it is closed,,77 s,The latest created issue titled 'Better initial load experience' is already open and marked as closed.,FAIL,8/8 19:43
/tmp/tmphwn95xmj/555.json,"Create a folder named funny_pic in gimmiethat.space repo. Within it, create a file named urls.txt that contains the URLs of the 5 most recent posts from the memes?",,279 s,Early stop: Reach max steps 30,FAIL,8/8 19:47
config_files/59.json,Tell me the closest restaurant(s) to CMU Hunt library,,26 s,No results were found for the closest restaurant(s) to CMU Hunt library.,FAIL,8/8 19:50
